
{
  "name": "Master Content Orchestrator",
  "nodes": [
    {
      "parameters": {},
      "name": "Start",
      "type": "n8n-nodes-base.start",
      "typeVersion": 1,
      "position": [ 250, 300 ],
      "id": "e0c6d7a3-1b8e-4f2c-8a9d-5f4e3b2a1c0a"
    },
    {
      "parameters": {
        "rule": { "interval": [ { "triggerAtHour": 8, "triggerAtMinute": 0 } ] }
      },
      "name": "Daily Strategy Review",
      "type": "n8n-nodes-base.scheduleTrigger",
      "typeVersion": 1.1,
      "position": [ 450, 300 ],
      "id": "a1b2c3d4-e5f6-7a8b-9c0d-1e2f3a4b5c6d"
    },
    {
      "parameters": {
        "operation": "executeQuery",
        "query": "SELECT * FROM repositories WHERE last_fetched_at < NOW() - INTERVAL '1 day' LIMIT 10;",
        "options": {}
      },
      "name": "Identify Stale Repos",
      "type": "n8n-nodes-base.postgres",
      "typeVersion": 2.2,
      "position": [ 650, 300 ],
      "credentials": { "postgres": { "id": "YOUR_POSTGRES_CREDENTIAL_ID", "name": "Postgres account" } },
      "id": "b2c3d4e5-f6a7-8b9c-0d1e-2f3a4b5c6d7e"
    },
    {
      "parameters": {
          "workflowId": "YOUR_STRATEGIC_SOCIAL_ENGAGEMENT_WORKFLOW_ID"
      },
      "name": "Trigger Social Engagement",
      "type": "n8n-nodes-base.executeWorkflow",
      "typeVersion": 1,
      "position": [ 850, 200 ],
      "id": "c3d4e5f6-a7b8-9c0d-1e2f-3a4b5c6d7e8f"
    },
    {
      "parameters": {
          "workflowId": "YOUR_CONTENT_PUBLISHING_AUTOMATION_WORKFLOW_ID"
      },
      "name": "Trigger Content Publishing",
      "type": "n8n-nodes-base.executeWorkflow",
      "typeVersion": 1,
      "position": [ 850, 400 ],
      "id": "d4e5f6a7-b8c9-0d1e-2f3a-4b5c6d7e8f9a"
    }
  ],
  "connections": {
    "Daily Strategy Review": { "main": [ [ { "node": "Identify Stale Repos", "type": "main", "index": 0 } ] ] },
    "Identify Stale Repos": {
        "main": [
            [ { "node": "Trigger Social Engagement", "type": "main", "index": 0 } ],
            [ { "node": "Trigger Content Publishing", "type": "main", "index": 0 } ]
        ]
    }
  },
  "active": false,
  "settings": {},
  "id": "workflow_master_content_orchestrator",
  "meta": { "instanceId": "changeme" },
  "pinData": {}
}
